{
	"credit": "Made with Blockbench",
	"texture_size": [32, 32],
	"textures": {
		"0": "item/character_sprite",
		"particle": "character_sprite"
	},
	"elements": [
		{
			"from": [0, -16, 0],
			"to": [16, -16, 16],
			"rotation": {"angle": 0, "axis": "y", "origin": [7, -16, 4]},
			"faces": {
				"north": {"uv": [0, 0, 8, 0], "texture": "#0"},
				"east": {"uv": [0, 0, 8, 0], "texture": "#0"},
				"south": {"uv": [0, 0, 8, 0], "texture": "#0"},
				"west": {"uv": [0, 0, 8, 0], "texture": "#0"},
				"up": {"uv": [8, 8, 0, 0], "texture": "#0"},
				"down": {"uv": [8, 0, 0, 8], "texture": "#0"}
			}
		}
	],
	"display": {
		"head": {
			"translation": [0, -54, 0],
			"scale": [1, 4, 1]
		}
	}
}